Original,Corregido
10 DE MAYO,1 DE MAYO
AV C DE MAYO,1 DE MAYO
1A JUNTA,1 JUNTA
1RA JUNTA,1 JUNTA
P JUNTA,1 JUNTA
12 DE OCTUBRE,12 D OCTUBRE
12 OCTUBRE,12 D OCTUBRE
17 DE AGOSTO,15 DE AGOSTO
17DE AGOSTO,15 DE AGOSTO
PRA.JUNTA,1RA.JUNTA
JOSE INGENIEROS,204- JOSE INGENIEROS
T DE FEBRERO,3 DE FEBRERO
VALENTIN GOMEZ,602-VALENTIN GOMEZ
MANUEL BELGRANO,606-MANUEL BELGRANO
LEONISMO ARGENTINO,683-LEONISMO ARGENTINO
CATRILO,9 CATRILO
ALSINA,A ALSINA
A.ARGENTINA,A ARGENTINA
ANT. ARGENTINA,A ARGENTINA
ARGENTINA,A ARGENTINA
A BERUTTI,A BERUTI
BERUTI,A BERUTI
A CAFFERATA,A CAFERATTA
A.CAFERATTA,A CAFERATTA
C A CAFERATA,A CAFERATTA
CAFERATTA,A CAFERATTA
A.COLOMBO,A COLOMBO
COLOMBO,A COLOMBO
CURTIS,A CURTIS
A. DE LA VEGA,A DE LA VEGA
A.DE LA VEGA,A DE LA VEGA
A. DE LAMADRID,A DE LAMADRID
ARAOZ DE LAMADRID,A DE LAMADRID
A.DEL VALLE,A DEL VALLE
A. FERREIRA,A FERREYRA
A. FERREYRA,A FERREYRA
A.FERREYRA,A FERREYRA
FERREYRA,A FERREYRA
A.GARCIA,A GARCIA
GARCIA,A GARCIA
A.ILLIA,A ILLIA
A PALACIOS,A L PALACIOS
B MACHADO,A MACHADO
MACHADO,A MACHADO
A. MAGALDI,A MAGALDI
A.MAGALDI,A MAGALDI
MAGALDI,A MAGALDI
MONTANELI,A MONTANELLI
MONTANELLI,A MONTANELLI
A.SABATINI,A SABATINI
A.SABATTINI,A SABATINI
DR. A. SABATTINI,A SABATINI
DR.SABATINI,A SABATINI
SABATINI,A SABATINI
A.STORNI,A STORNI
A.WILLIAMS,A WILLIAMS
WILLIAMS,A WILLIAMS
A.LORENZINI,A. LORENZINI
LORENZINI,A. LORENZINI
AVD.MARQUEZ,A. MARQUEZ
AV.BERUTTI,A.BERUTTI
BERUTTI,A.BERUTTI
BONIFACINI,A.BONIFACINI
CAFFERATA,A.CAFFERATA
CARBONE,A.CARBONE
DR A CARBONE,A.CARBONE
DR CARBONE,A.CARBONE
DR. CARBONE,A.CARBONE
DR.CARBONE,A.CARBONE
A.DELLA ROSA,A.DE LA ROSA
DR.A.DE LA ROSA,A.DE LA ROSA
DR.A.DELLA ROSA,A.DE LA ROSA
E.HUERGO,A.HUERGO
HUERGO,A.HUERGO
LANZAVECCHI,A.LANZAVECCHIA
LANZAVECCHIA,A.LANZAVECCHIA
LANZAVECHIA,A.LANZAVECCHIA
AV MILITAR,A.MILITAR
AV. MILITAR,A.MILITAR
AV.MILITAR,A.MILITAR
MILITAR,A.MILITAR
AV.PICCIONE,A.PICCIONE
REITSCH,A.REITSCH
AVD.ROHLAND,A.ROHLAND
SANTOS VEGA,A.SANTO VEGA
WRIGHT,A.WRIGHT
CABO GARCIA,ABDON GARCIA
ACC.,ACC
ACHAVAL,ACHABAL
C.ACONCAGUA,ACONCAGUA
AVIADOR DE LA CIERVA,ADOR DE LA CIERVA
AVD.CURTIS,ADOR.CURTIS
SALGUERO,AGUERO
AGUSTIN DE ALZAGA,AGUSTIN DE LA VEGA
ALDO DELLA ROSA,ALDO DE LA ROSA
DR ALDO DELLA ROSA,ALDO DE LA ROSA
DR.ALDO DELLA ROSA,ALDO DE LA ROSA
AV ALVEAR,ALVEAR
AMADEO SABATTINI,AMADEO SABATINI
DR AMADEO SABATTINI,AMADEO SABATINI
DR. AMADEO SABATTINI,AMADEO SABATINI
DR.AMADEO SABATTINI,AMADEO SABATINI
AMEGUINO,AMEGHINO
AV AMERICA,AMERICA
AV.AMERICA,AMERICA
AMIANOT,AMIANAT
ANCHORDONQUI,ANCHODORQUI
ANCHORDOQUI,ANCHODORQUI
ANCHORDOQUIL,ANCHODORQUI
ANCHORDOSQUI,ANCHODORQUI
L ANGEL FIRPO,ANGEL FIRPO
L.ANGEL FIRPO,ANGEL FIRPO
ANGEL PINI N,ANGEL PINI
ANGEL PINI33,ANGEL PINI
ANGEL PIRI,ANGEL PINI
ANTONIO BERUTTI,ANTONIO BERUTI
ANTONIO BERUTTIIO,ANTONIO BERUTI
R ARABE SIRIA,ARABE SIRIA
R.ARABE SIRIA,ARABE SIRIA
PTE ARTURO ILLIA,ARTURO ILLIA
AZCASUBI,ASCASUBI
H ASCASUBI,ASCASUBI
H.ASCASUBI,ASCASUBI
ASUNCION,ASUNCIN
AV . MILITAR Y SAN IGNACI,. MILITAR Y SAN IGNACI
MILITAR Y SAN IGNACIO,. MILITAR Y SAN IGNACI
AV B MARQUEZ,B MARQUEZ
AV B MARQUEZ MZ,B MARQUEZ
AV MARQUEZ,B MARQUEZ
AV. B MARQUEZ,B MARQUEZ
AV. MARQUEZ,B MARQUEZ
AV.B.MARQUEZ,B MARQUEZ
AV.MARQUEZ,B MARQUEZ
MARQUEZ,B MARQUEZ
AV BARTOLOME MITRE,BARTOLOME MITRE
AV BARTOLOME MTRE,BARTOLOME MITRE
AV.BARTOLOME MITRE,BARTOLOME MITRE
AV BERNABE MARQUEZ,BERNABE MARQUEZ
AV CAMPO DE MAYO,CAMPO DE MAYO
AV. CAMPO DE MAYO,CAMPO DE MAYO
AV.CPO DE MAYO,CAMPO DE MAYO
CPO DE MAYO,CAMPO DE MAYO
AV CHURRUCA,CHURRUCA
AV. CHURRUCA,CHURRUCA
AV.CHURRUC0,CHURRUCA
AV.CHURRUCA,CHURRUCA
AV.CHURRUCA N,CHURRUCA
CHURRACA,CHURRUCA
AV CNEL. PERIN,CNEL. PERIN
CNEL PERIN,CNEL. PERIN
CNEL.PERIN,CNEL. PERIN
AV CPO.DE MAYO,CPO.DE MAYO
AV.C.DE MAYO,CPO.DE MAYO
AV.CPO.DE MAYO,CPO.DE MAYO
C.DE MAYO,CPO.DE MAYO
AV DEL CARRIL,DEL CARRIL
AV H DEL CARRIL,DEL CARRIL
AV.H.DEL CARRIL,DEL CARRIL
H DEL CARRIL,DEL CARRIL
H.DEL CARRIL,DEL CARRIL
M.DEL CARRIL,DEL CARRIL
AV DIAZ VELEZ,DIAZ VELEZ
AV. DIAZ VELEZ,DIAZ VELEZ
AV.DIAZ VELEZ,DIAZ VELEZ
AV DR RICARDO BALBIN,RICARDO BALBIN
AV RICARDO BALBIN,RICARDO BALBIN
AV.RICARDO BALBIN,RICARDO BALBIN
DR RICARDO BALBIN,RICARDO BALBIN
AV FRANCO,FRANCO
AV.FRANCO,FRANCO
AV G LAVALLE,G LAVALLE
GRAL LAVALLE,G LAVALLE
LAVALLE,G LAVALLE
AV GAONA,GAONA
AV. GAONA,GAONA
AV.GAONA,GAONA
AV GRAL PAZ,PAZ
AV. GRAL PAZ,PAZ
AV.GRAL PAZ,PAZ
GRAL PAZ,PAZ
GRAL.PAZ,PAZ
AV GRAL SAN MARTIN,SAN MARTIN
AV.GRAL.SAN MARTIN,SAN MARTIN
GRAL SAN MARTIN,SAN MARTIN
AV HUGO DEL CARRIL,HUGO DEL CARRIL
AV. HUGO DEL CARRIL,HUGO DEL CARRIL
AV.HUGO DEL CARRIL,HUGO DEL CARRIL
AV ITALIA,ITALIA
AV. ITALIA,ITALIA
AV.ITALIA,ITALIA
AV J J URQUIZA,J J URQUIZA
AV LA PLATA,LA PLATA
AV. LA PLATA,LA PLATA
AV.LA PLATA,LA PLATA
AV LIBERTAD,LIBERTAD
AV.LIBERTAD,LIBERTAD
AV LOPE DE VEGA,LOPE DE VEGA
L DE VEGA,LOPE DE VEGA
AV MARQUEZ -M,MARQUEZ -M
AV MARQUEZ M,MARQUEZ -M
AV MARQUEZ MZ,MARQUEZ -M
AV MARQUEZ MZA,MARQUEZ -M
AV. MARQUEZ MZ,MARQUEZ -M
AV. MARQUEZ MZ.,MARQUEZ -M
AV. MARQUEZ MZA,MARQUEZ -M
AV.MARQUEZ (MZ,MARQUEZ -M
AV.MARQUEZ MZ,MARQUEZ -M
AV.MARQUEZ MZA,MARQUEZ -M
AV MARQUEZ MZ.35 CS.8,MARQUEZ MZ.35 CS.8
AV MARQUEZ MZ.57 CS.24,MARQUEZ MZ.35 CS.8
AV MARQUEZ MZ.80 CS.8,MARQUEZ MZ.35 CS.8
AV.MARQUEZ MZ.5 CASA,MARQUEZ MZ.35 CS.8
AV.MARQUEZ MZ.52 CS.26,MARQUEZ MZ.35 CS.8
AV.MARQUEZ MZ.57 CS.23,MARQUEZ MZ.35 CS.8
AV MARQUEZ MZA.82 CASA27,MARQUEZ MZA.82 CASA27
AV.MARQUEZ MZA CASA,MARQUEZ MZA.82 CASA27
AV MARQUEZ MZNA,MARQUEZ MZNA
AV MARQUZ MZ,MARQUEZ MZNA
AV. MARQUES MZA,MARQUEZ MZNA
AV. MARQUEZ MZN57,MARQUEZ MZNA
AV MIRAMAR,MIRAMAR
AV MITRE,MITRE
AV. MITRE,MITRE
AV.MITRE,MITRE
AV P BRAVA,P BRAVA
AV PTE PERON,PTE PERON
AV. PTE PERON,PTE PERON
PTE PERON N,PTE PERON
PTE. PERON,PTE PERON
PTE.PERON,PTE PERON
AV REPUBLICA,REPUBLICA
AV.REPUBLICA,REPUBLICA
AV RIO DESEADO,RIO DESEADO
R DESEADO,RIO DESEADO
AV RIVADAVIA,RIVADAVIA
AV. RIVADAVIA,RIVADAVIA
AV.RIVADAVIA,RIVADAVIA
AV S MARTIN,AV GRAL SAN MARTIN
AV SAN MARTIN,AV GRAL SAN MARTIN
AV. SAN MARTIN,AV GRAL SAN MARTIN
AV.S MARTIN,AV GRAL SAN MARTIN
AV.S.MARTIN,AV GRAL SAN MARTIN
AV.SAN MARTIN,AV GRAL SAN MARTIN
S MARINA,AV GRAL SAN MARTIN
S MARTIN,AV GRAL SAN MARTIN
SAN MARTIN,AV GRAL SAN MARTIN
AV TRIUNVIRATO,TRIUNVIRATO
AV. TRIUNVIRATO,TRIUNVIRATO
AV.TRIUNVIRATO,TRIUNVIRATO
TRIUMVIRATO,TRIUNVIRATO
AV URQUIZA,URQUIZA
AV. URQUIZA,URQUIZA
AV.G.URQUIZA,URQUIZA
AV.URQUIZA,URQUIZA
V.URQUIZA,URQUIZA
AV WERNICKE,WERNICKE
AV.G.WERNICKE,WERNICKE
AV.WERNIKE,WERNICKE
G.WERNICKE,WERNICKE
WERNICKE N,WERNICKE
AV. BENITO PEREZ GALDOS,BENITO PEREZ GALDOS
AV. BENITO PEREZ GALDOZ,BENITO PEREZ GALDOS
BENITEZ PEREZ GALDOS,BENITO PEREZ GALDOS
BENITO PEREZ GALDO,BENITO PEREZ GALDOS
BENITO PEREZ GALDOZ,BENITO PEREZ GALDOS
AV. JUAN B. JUSTO,JUAN B. JUSTO
JUAN B JUSTO,JUAN B. JUSTO
JUAN B.JUSTO,JUAN B. JUSTO
AV. MAIPU,MAIPU
AV. MARCONI,MARCONI
AV. MARQUEZ MZ.25,MARQUEZ MZ.25
AV.MARQUEZ MZ.20,MARQUEZ MZ.25
AV. MILITAR TIRA,MILITAR TIRA
AV.MILITAR-TIRA,MILITAR TIRA
AV. MILITAR Y SAN IGNACIO NUDO,MILITAR Y SAN IGNACIO NUDO
AV.MILITAR Y SAN IGNACIO NUDO,MILITAR Y SAN IGNACIO NUDO
AV. PAZ GRAL.,AV GRAL PAZ
PAZ GRAL.,AV GRAL PAZ
AV. PTE. PERON TORRE,PTE. PERON TORRE
PTE.PERON TORRE,PTE. PERON TORRE
PTE.PERON TORRE4-,PTE. PERON TORRE
AV.BRADLEY,BRADLEY
AV.DE LA PLATA,DE LA PLATA
AVD LA PLATA,DE LA PLATA
R DE LA PLATA,DE LA PLATA
R DE LA PLTA,DE LA PLATA
R.DE LA PLATA,DE LA PLATA
AV.G.EZEIZA,G.EZEIZA
EZEIZA,G.EZEIZA
G EZEIZA,G.EZEIZA
Q.EZEIZA,G.EZEIZA
AV.GERMAN WERNICKE,GERMAN WERNICKE
AV.GRAL.URQUIZA,AV URQUIZA
GRAL. URQUIZA,AV URQUIZA
AV.IMMELMAN,IMMELMAN
AV.IMMELMANN,IMMELMAN
AV.LINCOLN,LINCOLN
AV.MARQUEZ M35 CASA,MARQUEZ M35 CASA
AV.MARQUEZ MZ.33 CASA,MARQUEZ M35 CASA
MARQUEZ MZA30 CASA,MARQUEZ M35 CASA
AV.MARQUEZ MZ.49 CASA,MARQUEZ MZ.49 CASA
AV.MARQUEZ MZ.6 CASA,MARQUEZ MZ.49 CASA
AV.MARQUEZ-MZ.30,MARQUEZ-MZ.30
AV.MARQUEZ-MZ.53,MARQUEZ-MZ.30
AV.MATIENZO,MATIENZO
AV.PRESIDENTE PERON,PRESIDENTE PERON
CASA PRESIDENTE PERON,PRESIDENTE PERON
PPRESIDENTE PERON,PRESIDENTE PERON
AV.R.BALBIN,R.BALBIN
BALBIN,R.BALBIN
DR.R.BALBIN,R.BALBIN
R BALBIN,R.BALBIN
AV.S.DE THOMPSON,S.DE THOMPSON
M S DE THOMPSON,S.DE THOMPSON
M.S.DE THOMPSON,S.DE THOMPSON
B.PEREZ GALDOS,AVD.B.PEREZ GALDOS
AVDA MARQUEZ MZ,AVDA MARQUEZ
AVENIDA MARQUEZ,AVDA MARQUEZ
AVDA SAN MARTIN,AVDA S MARTIN
AVDA. WERNICKE,AVDA WERNICKE
AVENIDA WERNICKE,AVDA WERNICKE
AVDA.CPO.DE MAYO,AVDA. CPO.DE MAYO
AVIADOR WERNICKE,AVDOR G WERNICKE
AVIADOR PLUSCHOW,AVDOR PLUSCHOW
AVIADOR UDET,AVDOR UDET
AVIADOR BRADLEY,AVDOR. BRADLEY
AVIADOR BRANDLEY,AVDOR. BRADLEY
AVIADOR GABLENZ,AVDOR.GABLENZ
AVIADOR PALAZZO,AVDOR.PALAZZO
AVIADORA LORENZINI,AVIADOR LORENZINI
AVIADOR S.DUMONT,AVIADOR S.AUMONT
M.AZCUENAGA,AZCUENAGA
B P GALDOS,B GALDOS
B.P GALDOS,B GALDOS
GALDOS,B GALDOS
P GALDOS,B GALDOS
B.LYNCH,B LYNCH
B.METZIG,B METZIG
METZIG,B METZIG
B. MITRE,B MITRE
B.MITRE,B MITRE
B MUJICA TIRA,B MUJICA T
B.PARERA,B PARERA
B. PEREZ GALDOS,B PEREZ GALDOS
PEREZ GALDOS,B PEREZ GALDOS
B SAN MARTIN,AV GRAL SAN MARTIN
BV.SAN MARTIN,AV GRAL SAN MARTIN
BVARD SAN MARTIN,AV GRAL SAN MARTIN
B.MACHADO,B. MACHADO
BTO MACHADO,B. MACHADO
B.DE MONTEAGUDO,B. MONTEAGUDO
MONTEAGUDO,B. MONTEAGUDO
R.DESEADO,B.DESEADO
FRIONE,B.FRIONE
IRIBARREN,B.IRIBARREN
R.IRIBARREN,B.IRIBARREN
B.P.GALDOS N,B.P.GALDOS
J.PEREZ,B.PEREZ
PABLO POGGIO,BABLO POGGIO
M BALDINI,BALDINI
M.BALDINI,BALDINI
F BALLESTER,BALLESTER
F. BALLESTER,BALLESTER
F.BALLESTER,BALLESTER
BARRAGAN Y AV. MILITAR,BARRAGAN Y AV MILITAR
BARRAGAN Y AV.MILITAR,BARRAGAN Y AV MILITAR
BARRAGAN Y MILIAR N,BARRAGAN Y AV MILITAR
BARRAGAN Y MILITAR,BARRAGAN Y AV MILITAR
BARRAGAN Y MILITAR N,BARRAGAN Y AV MILITAR
BARRAGAN Y MILITAR NUDO,BARRAGAN Y AV MILITAR
BARRAGAN Y MILITAR T,BARRAGAN Y AV MILITAR
BARRAGAN Y MILITAR T5,BARRAGAN Y AV MILITAR
BARRAGAN Y MILITAR TIRA,BARRAGAN Y AV MILITAR
BARRAGANI MILITAR NUDO,BARRAGAN Y MILITAR - NUDO
J BATALLAN,BATALLAN
BAZZINI,BAZINI
BEAZLEY,BEASLEY
G.BECQUER,BECQUER
RELIZZO,BELIZZO
BENITO CHAZ,BENITO CHAS
BERGATINI,BERGAMINI
BERLIN,BERIN
M BERMUDEZ,BERMUDEZ
M.BERMUDEZ,BERMUDEZ
BERNARDO METZING,BERNARDO METZIG
BERNARDO MEXI,BERNARDO METZIG
J BESADA,BESADA
J.BESADA,BESADA
S BESADA,BESADA
BESARES,BESAES
BESARES NUDO,BESARES N
BETHARRAM,BETHARRAL
BETHARRAN,BETHARRAL
CENTENARIO,BICENTENARIO
BLAS PARERAS,BLAS PARERA
BME.MITRE,BME. MITRE
BOLIVIA,BOLIVAR
S BOLIVAR,BOLIVAR
S.BOLIVAR,BOLIVAR
BORDABEHERE,BORDA BEHERE
S BORDABEHERE,BORDA BEHERE
BOULEVARD SAN MARTIN,BOULEVAR SAN MARTIN
BROWN GUILLERMO,BRACO GUILLERMO
BRANDSEN,BRANDEN
BRANDZEN,BRANDEN
BRASIL N,BRASIL
BRWN,BROWN
C. AMARILLO,C AMARILLO
C.AMARILLO,C AMARILLO
CO. AMARILLO,C AMARILLO
G BROWN,C BROWN
C CAMPANARIO N,C CAMPANARIO
C.CAMPANARIO,C CAMPANARIO
CAMPANARIO,C CAMPANARIO
CERRO CAMPANARIO,C CAMPANARIO
C. CASTRO,C CASTRO
C.CASTRO,C CASTRO
CASTRO,C CASTRO
CAXARAVILLE,C CAXARAVILLE
C.ECHAGUE,C ECHAGUE
E ECHAGUE,C ECHAGUE
ECHAGUE,C ECHAGUE
CIUD FALUCHO,C FALUCHO
FALUCHO,C FALUCHO
C.GARDEL,C GARDEL
J MORENO,C J MORENO
C.JUNCAL,C JUNCAL
JUNCAL,C JUNCAL
DE LA MERCED,C LA MERCED
LA MERCED,C LA MERCED
C.DE LAS TORTOLAS,C LAS TORTOLAS
CERRO LAS TORTOLAS,C LAS TORTOLAS
LAS TORTOLAS,C LAS TORTOLAS
C.DE OLIVARES,C OLIVARES
ESC PARODI,C PARODI
PARODI,C PARODI
S PARODI,C PARODI
C PELLEGRINI,C PELEGRINI
C. PELLEGRINI,C PELEGRINI
C.PELLEGRINI,C PELEGRINI
PELLEGRINI,C PELEGRINI
F C RODRIGUEZ,C RODRIGUEZ
M. RODRIGUEZ,C RODRIGUEZ
C. ROSALES,C ROSALES
C.ROSALES,C ROSALES
CAP. ROSALES,C ROSALES
ROSALES,C ROSALES
T LAUQUEN,C T LAUQUEN
C. TEJEDOR,C TEJEDOR
C.TEJEDOR,C TEJEDOR
TEJEDOR,C TEJEDOR
C.TUPUNGATO,C TUPUNGATO
CUTUPUNGATO,C TUPUNGATO
TUPUNGATO,C TUPUNGATO
DARWIN,C.DARWIN
MERCEDARIO,C.MERCEDARIO
CNEL.PRINGLES,C.PRINGLES
PRINGLES,C.PRINGLES
CONGRESO,C0NGRESO
S CABALLERO,CABALLERO
S.CABALLERO,CABALLERO
CAFERRATA,CAFERATA
CAFERATTA N,CAFERATA NRO
CLAUDIO CASTRO,CALUDIO CASTRO
CANEPA DR.,CANEPA
DR CANEPA,CANEPA
DR. CANEPA,CANEPA
DR.CANEPA,CANEPA
CTAN.ROSALES,CAP.ROSALES
CARUE,CARHUE
CARLOS GERDEL,CARLOS GARDEL
ING.CARLOS PEREYRA,CARLOS PEREYRA
CARRIEGO N,CARRIEGO
E CARRIEGO,CARRIEGO
E.CARRIEGO,CARRIEGO
GARRIEGO,CARRIEGO
CASA,CAS
CATELAR,CASTELAR
CASTELLI N,CASTELLI
CATRILLO,CASTILLO
CATAMARCA CS,CATAMARCA
CATAMARCA Y EL PARQUE CASA,CATAMARCA Y EL PARQUE
CATAMARCA Y EL PQUE.,CATAMARCA Y EL PARQUE
CATAMARCA/EL PARQUE,CATAMARCA Y EL PARQUE
CATRILO EDIF.9,CATRILO - ED.9
CATRILO- EDIF.,CATRILO - ED.9
CAYETANO RODRIGUEZ ED,CAYETANO RODRIGUEZ
F. CAYETANO RODRIGUEZ,CAYETANO RODRIGUEZ
F.CAYETANO RODRIGUEZ,CAYETANO RODRIGUEZ
FRANK CAYETANO RODRIGUEZ,CAYETANO RODRIGUEZ
FRAY CAYETANO RODRIGUEZ,CAYETANO RODRIGUEZ
CEVALLOS,CEBALLOS
CERRO CAMPANAR,CERRO  CAMPANARIO
CRRO.CAMPANARIO,CERRO  CAMPANARIO
PJE. CERRO ACONCAGUA,CERRO ACONCAGUA
CERRO AMARILLO PJE,CERRO AMARILLO
PJE.CERRO AMARILLO,CERRO AMARILLO
CERRO DEL CASTILLO,CERRO DE CASTILLO
PJE. CERRO MERCEDARIO,CERRO MERCEDARIO
CERRO SOSNEADO,CERRO SASNEADO
SERRO SOSNEADO,CERRO SASNEADO
CERRO TUPUNGATO,CERRO TTUPUNGATO
CORRIENTES,CIRRIENTES
CIUDADELA ED,CIUDAD ED
CIUDADELA T,CIUDADELA BALT
CIUDADELA N,CIUDADELA MB
CIUDADELA-TIRA,CIUDADELA TIRA
CJAL.SILVA,CJAL SILVA
CORONEL MORENO,CNEL MORENO
CORONEL PRINGLES,CNEL PRINGLES
CORONEL JULIO MORENO,CNEL.JULIO MORENO
COCHIARARO,COCCHIARARO
CONSEJAL SILVA,CONCEJAL SILVA
H CORTES,CORTES
H.CORTES,CORTES
J.CROTTO,CROTTO
CUELLI,CUELI
D.MAGDALENA,D MAGDALENA
MAGDALENA,D MAGDALENA
D OLIVERA,D OLIVEIRA
F DE OLIVEIRA,D OLIVEIRA
F.DE OLIVEIRA,D OLIVEIRA
D ROCHA N,D ROCHA
D.ROCHA,D ROCHA
DARDO ROCHA Y BESARES,D ROCHA Y BESARES
DR JONAS SALK,D.JONAS SALK
DR. JONAS SALK,D.JONAS SALK
DR.JONAS SALK,D.JONAS SALK
JONAS SALK,D.JONAS SALK
DOC.REBIZZO,D.REBIZZO
DR REBIZZO,D.REBIZZO
DR. REBIZZO,D.REBIZZO
DR.REBIZZO,D.REBIZZO
REBIZZO,D.REBIZZO
REBIZZO DR.,D.REBIZZO
DE VICENZI,DA VICENZI
DE VINCENZI,DA VICENZI
GARICOITS,DE GARICOITS
S.M.DE GARICOITS,DE GARICOITS
DE LAS TIPAS,DE LA TIPAS
LAS MARGARITAS,DE LAS MARGARITAS
LAS ROSAS,DE LAS ROSAS
LAS VIOLETAS,DE LAS VIOLETAS
LOS AROMOS,DE LOS AROMOS
LOS GLADIOLOS,DE LOS GLADIOLOS
LOS JACARANDAES,DE LOS JACARANDAES
LOS PARAISOS,DE LOS PARAISOS
LOS PENSAMIENTOS,DE LOS PENSAMIENTOS
LOS POETAS,DE LOS POETAS
DEVICENCI,DE VICENCI
DEVINCENCI,DE VICENCI
EL KAISER,DEL KAISER
EL PARQUE,DEL PARQUE
DR A DELLA ROSA,DELLA ROSA
DR.A DELLA ROSA,DELLA ROSA
DR.DELLA ROSA,DELLA ROSA
DIAG.,DIAG
DIAG.60 REPUBLICA,DIAG REPUBLICA
DIAG.REPUBLICA,DIAG REPUBLICA
DIAGONAL REPUBLICA,DIAG REPUBLICA
SEGUNDO SOMBRA,DON SEGUNDO SOMBRA
DR CERASO,CERASO
DR. CERASO,CERASO
DR.CERASO,CERASO
DR FLEMING,FLEMING
DR. FLEMING,FLEMING
DR.FLEMING,FLEMING
FLEMIN,FLEMING
FLEMING DR.,FLEMING
FLEMMING,FLEMING
DR J SALK,J SALK
J. SALK,J SALK
DR M ROSELLA,M ROSELLA
DR ROSELLA,M ROSELLA
DR. ROSELLA,M ROSELLA
DR.M.ROSELLA,M ROSELLA
DR.ROSELLA,M ROSELLA
DR REBIZO,REBIZO
DR REVIZO,REVIZO
DR REVIZZO,REVIZO
DR SCHWEITZER,SCHWEITZER
DR SCHWEIZER,SCHWEITZER
DR. SCHWEITZER,SCHWEITZER
DR SPRINGOLO,SPRINGOLO
DR.SPRINGOLO,SPRINGOLO
SPRINGOLO A. DR.,SPRINGOLO
DR W DE TATA,W DE TATA
W DE TALA,W DE TATA
W DEL TATA,W DE TATA
W. DE TATA,W DE TATA
W.DE TATA,W DE TATA
DR. PELAGIO LUNA,PELAGIO LUNA
LELAGIO LUNA,PELAGIO LUNA
DR.J.SALK,J.SALK
DR.SALK JONAS,SALK JONAS
SALK JONAS DR.,SALK JONAS
E.BELLACO,E BELLACO
R DE ESCALADA,E DE ESCALADA
E DE LOS ANDES,EJERCITO DE LOS ANDES
E DE LOS ANDES M,EJERCITO DE LOS ANDES
E DE LOS ANDES MB,EJERCITO DE LOS ANDES
E.DE LOS ANDES,EJERCITO DE LOS ANDES
EJ.DE LOS ANDES,EJERCITO DE LOS ANDES
E. ECHEVERRIA,E ECHEVERRIA
E.ECHEVERRIA,E ECHEVERRIA
ECHEVERRIA,E ECHEVERRIA
ETCHEVERRIA,E ECHEVERRIA
E MAZONI,E MANZONI
MANZONI,E MANZONI
E MERLO,E MELO
E. MERLO,E MELO
MOSCONI,E MOSCONI
PORRINI,E PORRINI
E. RIOS,E RIOS
FRUGONE,E.FRUGONE
LARRETA,E.LARRETA
E.MERLO,E.MELO
S.PARODI,E.PARODI
ETCHEGARAY,ECHEGARAY
M ECHEGARAY,ECHEGARAY
M. ECHEGARAY,ECHEGARAY
M.ECHEGARAY,ECHEGARAY
M.ETCHEGARAY,ECHEGARAY
EDIFICIO A,EDIFICIO
EJ.DE LOS ANDES T.41,EJ.DE LOS ANDES N1-T.A
EJERC. DE LOS ANDES,EJERC DE LOS ANDES T.48
EJERCITO DE LOS ANDES T,EJERC DE LOS ANDES T.48
EJERCITO DE LOS ANDES T17,EJERCITO DE LOS ANDES
EL GAUCHO,EL GAUCHITO
EL MATADERO N,EL MATADERO
P ELIZALDE,ELIZALDE
P.ELIZALDE,ELIZALDE
EMANCIPADOS,EMANCIPADOR
EMANICIPADOR,EMANCIPADOR
ENMANCIPADOR,EMANCIPADOR
PJE.ENRIQUE LARRETA,ENRIQUE LARRETA
SCALABRINI ORTIZ,ESCALABRINI ORTIZ
T ESPORA,ESPORA
T.ESPORA,ESPORA
M ESTRADA,ESTRADA
M.ESTRADA,ESTRADA
F.DE OLIVERA,F DE OLIVERA
F J STA M DE ORO,F J S M DE ORO
F JUSTO S M DE ORO,F J S M DE ORO
F S M DE ORO,F J S M DE ORO
FRAY J S M D ORO,F J S M DE ORO
FRAY J S M DE ORO,F J S M DE ORO
F.J.STA MARIA DE ORO,F J STA MARIA DE ORO
FRAY J STA MARIA DE ORO,F J STA MARIA DE ORO
F. LACROZE,F LACROZE
F.LACROZE,F LACROZE
FCO. LACROZE,F LACROZE
LACROZE,F LACROZE
F.LAGORIO,F LAGORIO
LAGORIO,F LAGORIO
F. M ESQUIU,F M ESQUIU
FRAY M ESQUIU,F M ESQUIU
F.MADERO,F MADERO
FCO MADERO,F MADERO
MADERO,F MADERO
FCO RAFFO,F RAFFO
F.SIERRA,F SIERRA
FCO SIERRA,F SIERRA
SIERRA,F SIERRA
F SUAREZ N,F SUAREZ
F.SUAREZ,F SUAREZ
FCO SUAREZ,F SUAREZ
F.VARELA,F VARELA
RODRIGUEZ Y ARABE SIRIA NUDO,F. C. RODRIGUEZ Y R. ARABE SIRIA NUDO
F.J.STA.M.DE ORO,F.J.S.M.DE ORO
FRAY.J.S.M.DE ORO,F.J.S.M.DE ORO
F.J.STA.MARIA DE ORO,F.J.S.MARIA DE ORO
SIERRA-MZ,F.SIERRA-MZ
S.ZANELLA,F.ZANELLA
ZANELLA,F.ZANELLA
FCIO.VARELA,FCIO VARELA
FCO.SIERRA MZ.9,FCO SIERRA MZ
FCO.SERRA,FCO. SIERRA
FCO.SIERRA,FCO. SIERRA
FELIZ BALLESTER,FELIX BALLESTER
FERNANDES D OLIVEIRA,FERNADEZ D OLIVEIRA
FERNANDEZ DE OLIVEIRA,FERNADEZ D OLIVEIRA
FERNANDEZ DE OLIVERA,FERNADEZ D OLIVEIRA
FERNNDES DE OLIVEIRA,FERNADEZ D OLIVEIRA
I FERNANDEZ,FERNANDEZ
I.FERNANDEZ,FERNANDEZ
FERNANDEZ ISABEL RVDA. MADRE,FERNANDEZ ISABEL RVDA. MA
FIGCHETTI,FICHETTI
FISCHETI,FICHETTI
FISCHETTI,FICHETTI
FIRPO Y SAN LUIS CS,FIRPO Y SAN LUIS CASA
FRANCISCO LAGORIO,FRACISCO LAGORIO
FRANCISCO SIERRA,FRANCISC SIERRA CS
FRANCISCO SIERRA C,FRANCISC SIERRA CS
FRANCISCO SIERRA CASA,FRANCISC SIERRA CS
FRANCISCO SIERRA M,FRANCISC SIERRA CS
FRNCISCO MADERO,FRANCISCO MADERO
FRANCISCO SIERRA Y FIRPO,FRANCISCO SERRA Y FIRPO
FRANCO SIERRA Y FIRPO,FRANCISCO SERRA Y FIRPO
FRANCISCO SUAREZ,FRANCISCO SUARES
FRAY C RODRIGUEZ N,FRAY C RODRIGUEZ
FRAY C. RODRIGUEZ,FRAY C RODRIGUEZ
FRAY C.RODRIGUEZ,FRAY C RODRIGUEZ
FRAY M.ESQUIU,FRAY ESQUIU
FRAY J.S.M.ORO,FRAY J.S.M.DE ORO
FRAY J.STA. M.DE ORO,FRAY J.S.M.DE ORO
FRAY J.STA.MA.DE ORO,FRAY J.S.M.DE ORO
FRAY.J.STA.M.DE ORO,FRAY J.S.M.DE ORO
FRAY JUSTO S.MARIA DE ORO,FRAY J.STA.MARIA DE ORO
JUSTO SANTA MARIA DE ORO,FRAY JUSTO SANTA MARIA DE ORO
FRAY MAMERTO SQUIU,FRAY MAMERTO ESQUIU
FRENCH Y SALGUERO-CASILLA,FRENCH Y SALGUERO CASA
G.BECKER,G BECKER
G.CUELLI,G CUELLI
G.HORNOS,G HORNOS
GRL HORNOS,G HORNOS
HORNOS,G HORNOS
G LINARES N,G LINARES
G LINARES-ED,G LINARES
G.LINARES,G LINARES
LINARES,G LINARES
G LOREA,G LORCA
G LORGA,G LORCA
G.LORCA,G LORCA
G MADARIAGA N,G MADARIAGA
G.MADARIAGA,G MADARIAGA
GRAL MADARIAGA,G MADARIAGA
J MADARIAGA,G MADARIAGA
MADARIAGA,G MADARIAGA
G RICHIERI,G RICCHIERI
GRAL RICCHIERI,G RICCHIERI
RICCHIERI,G RICCHIERI
TT G RICCHIERI,G RICCHIERI
G SALGUERO N,G SALGUERO
G. SALGUERO,G SALGUERO
G.SALGUERO,G SALGUERO
J SALGUERO,G SALGUERO
G.SPANO,G SPANO
G.VILLEGAS,G VILLEGAS
GRAL VILLEGAS,G VILLEGAS
J VILLEGAS,G VILLEGAS
VILLEGAS,G VILLEGAS
G.BROWN,G. BROWN
G.DE BS AS,G. DE BS.AS
G.DE BS.AS.,G. DE BS.AS
G.A.BECQUER,G.A.BECKER
HERTEN,G.HERTEN
GABINO EZIZA,GABINO EZEIZA
GACETA DE BS AS,GAC DE BS AS
GACETA DE BS.AS.,GACETA DE BS.AS
GAZETA DE BS AS,GACETA DE BS.AS
GAZETA DE BS.AS.,GACETA DE BS.AS
GAZETA DE BUENOS AIRES,GACETA DE BUENOS AIRES
GARAVANO,GARABANO
GRAL HORNOS,GENERAL HORNOS
GRAL LOPEZ,GENERAL LOPEZ
GRAL. MADARIAGA,GENERAL MADARIAGA
GRAL PICO,GENERAL PICO
GRAL. VILLEGAS,GENERAL VILLEGAS
GERONIMO SALGUERO,GERONIMO FALGUERO
JERONIMO SALGUERO,GERONIMO FALGUERO
J GOMEZ ANSA,GOMEZ ANSA
J.GOMEZ ANSA,GOMEZ ANSA
TORELLO,GORELLO
GRAL ROCA,ROCA
GRAL. ROCA,ROCA
GRAL.ROCA,ROCA
GRAL. HORNOS,G HORNOS
GRAL.HORNOS,G HORNOS
GRAL. LOPEZ,GRAL LOPEZ
GRAL.LOPEZ,GRAL LOPEZ
GRAL. PICO,GRAL PICO
GRAL.PICO,GRAL PICO
GRAL.RICCHIERI,G RICCHIERI
TTE.GRAL.RICCHIERI,G RICCHIERI
GUALEGUAYCHU ESC,GUALEGUAYCHU
GUALEGUYACHU,GUALEGUAYCHU
GUALEGUAYCHU ESC.14,GUALEGUAYCHU -ESC
GUATEMALA N,GUATEMALA
GUIDO Y SPANO,GUIDO SPANO
GUILLERMO BROWN ED.4,GUILLERMO BROWN
R GUTIERREZ,GUTIERREZ
R.GUTIERREZ,GUTIERREZ
H.CORTEZ,H CORTEZ
H.YRIGOYEN,H YRIGOYEN
YRIGOYEN,H YRIGOYEN
J.H.VIEYTES,H.VIEYTES
VIEYTES,H.VIEYTES
HERNAN CORTEZ,HERNAN CORTES
I. NEWTON,I NEWTON
I.NEWTON,I NEWTON
NEWTON,I NEWTON
I.LARRALDE,I.G.LARRALDE
INT.G.LARRALDE,I.G.LARRALDE
ING.AMORETI,ING AMORETTI
ING.AMORETTI,ING AMORETTI
ING. PEREYRA,ING PEREYRA
ING.PEREYRA,ING PEREYRA
INT.LARRALDE,INT LARRALDE
INTTE.LANDIN,INT.LANDIN
R.IRIBARNE,IRIBARNE
R.M.ISABEL FERNANDEZ,ISABEL FERNANDEZ
ITUZAINGO,ITUAZAINGO
JUAN B ALBERDI,J B ALBERDI
J.B.ANCHORDOQUI,J B ANCHORDOQUI
JUAN B. ANCHORDOQUI,J B ANCHORDOQUI
J. BATALLAN,J BATALLON
JUAN BAUTISTA ALBERDI,J BAUTISTA ALBERDI
J.C. CROTTO,J C CROTTO
J DE GARAY,J D GARAY
JUAN D GARAY,J D GARAY
J.DE AYOLAS,J DE AYOLAS
JUAN DE AYOLAS,J DE AYOLAS
J. HERNANDEZ,J HERNANDEZ
J.HERNANDEZ,J HERNANDEZ
JOSE HERNANDEZ,J HERNANDEZ
JSE HERNANDEZ,J HERNANDEZ
J.KEPLER,J KEPLER
KEPLER,J KEPLER
J M BOSH,J M BOSCH
JOSE M BOSCH,J M BOSCH
L M CAMPOS,J M CAMPOS
J.M. DE ROSAS,J M DE ROSAS
JUAN M DE ROSAS,J M DE ROSAS
JUAN M. DE ROSAS,J M DE ROSAS
J.MARMOL,J MARMOL
J MORGANTI,J MORGANT
J.MURIAS,J MURIAS
MURIAS,J MURIAS
PASILLO J CASA,J PASILLO CASA
J UERDIGUERO,J PERDIGUERO
J.PERDIGUERO,J PERDIGUERO
JULIO PERDIGUERO,J PERDIGUERO
PERDIGUERO,J PERDIGUERO
J. SPANDONARI,J S PADONARI
SPADONARI,J S PADONARI
J.SPANDONARI,J.ESPANDONARI
SPANDONARI,J.ESPANDONARI
J.J.URQUIZA,J.J.DE URQUIZA
J.M.ROSAS,J.M.DE ROSAS
JUAN MANUEL DE ROSAS,J.MANUEL DE ROSAS
M.MORENO,J.MORENO
MORENO,J.MORENO
MORGANTI,J.MORGANTI
JOSE MARIA ROSCH,JOSE MARIA BOSCH
JUAN PABLO II,JUAN PABLO
JUAN PABLO II-TORRE,JUAN PABLO II TORRE
JUAN XIII N,JUAN XIII
JUAN XXIII,JUAN XIII
JUAN XXIII N,JUAN XIII
JULIO BESADA S,JULIO BESADA
KRAUSSE,KRAUSE
LUIS A FIRPO,L A FIRPO
L. ARGENTINO,L ARGENTINO
L.ARGENTINO,L ARGENTINO
P ARGENTINO,L ARGENTINO
P. ARGENTINO,L ARGENTINO
R. ARGENTINO,L ARGENTINO
L. DE LA TORRE,L DE LA TORRE
L.DE LA TORRE,L DE LA TORRE
L GOLONDRINAS,L GOLINDRINAS
LAS GOLONDRINAS,L GOLINDRINAS
LOS GOLONDRINAS,L GOLINDRINAS
L.LUGONES,L LUGONES
L MANSILLA N,L MANSILLA
L MASILLA,L MANSILLA
L. MANSILLA,L MANSILLA
L.MANSILLA,L MANSILLA
MANSILLA,L MANSILLA
L.MEDINA,L MEDINA
MEDINA,L MEDINA
L.PIEDRA BUENA,L PIEDRABUENA
LUIS PIEDRABUENA,L PIEDRABUENA
L.DE VEGA,L. DE VEGA
L.M.CAMPOS,L. M. CAMPOS
L.FIRPO,L.A.FIRPO
V.L.Y PLANES,L.Y PLANES
LACAUTIVA,LA CAUTIVA
LA MADRID,GRAL LAMADRID
LAMADRID,GRAL LAMADRID
LAVARDEN,LABARDEN
S LANGERI,LANGERI
S.LANGERI,LANGERI
T.LAUQUEN,LAUQUEN
LAVOISIER,LAVOISER
LEANDRO N. ALEM,LEANDRO N ALEM
LEANDRO N.ALEM,LEANDRO N ALEM
LISANDRO DE LA TORRE,LISANDRO DE LA TOREE
LISANSRO DE LA TOPRRE,LISANDRO DE LA TOREE
LOPEZ Y PLANES,LOPES Y PLANES
V LOPEZ Y PLANES,LOPES Y PLANES
V.LOPEZ Y PLANES,LOPES Y PLANES
LOUREIRO N,LOUREIRO
LOUVEIRO,LOUREIRO
LUCHTHER,LUCHTER
LUCIO MANSILLA,LUCIO MANCILLA
LUCIO V MANSILLA,LUCIO MANCILLA
LUIS FIRPO,LUIS A. FIRPO
LUIS M.CAMPOS,LUIS M CAMPOS
LUIS MARIA CAMPOS,LUIS M CAMPOS
M PEDRAZA,M A PEDRAZA
M.DE ALZAGA,M DE ALZAGA
M.DE AZCUENAGA,M DE AZCUENAGA
M SARRATEA,M DE SARRATEA
M. DE SARRAEA,M DE SARRATEA
M.DE SARRATEA,M DE SARRATEA
M S D THOMPSON,M DE THOMPSON
M S DE THOMSON,M DE THOMPSON
M S THOMPSON,M DE THOMPSON
M THOMPSON,M DE THOMPSON
M-FIERRO,M FIERRO
M. FIERRO,M FIERRO
M.FIERRO,M FIERRO
M MIGUENS,M MGIUENS
M. MORENO,M MORENO
M PESCHEL,M PESCHE
M. PESCHEL,M PESCHE
M. PETKOVIC,M PETROVIC
PETROVIC,M PETROVIC
M.QUINTANA,M QUINTANA
QUINTANA,M QUINTANA
M. SANCHEZ DE THOMPSON,M SANCHEZ DE THOMSON
M.SANCHEZ DE THOMPSON,M SANCHEZ DE THOMSON
MAQ.SANCHEZ DE THOMPSON,M SANCHEZ DE THOMSON
SANCHEZ DE THOMPSON,M SANCHEZ DE THOMSON
SANCHEZ DE THOPSON,M SANCHEZ DE THOMSON
M. T. DE ALVEAR,M T DE ALVEAR
M.MIGUENS,M. MIGUENS
M.S.THOMPSON,M. THOMPSON
M.THOMPSON,M. THOMPSON
MADRE PETKCOVIC,M.DE PETKCOVIC
M.PESCHEL,M.PECHEL
SARRATEA,M.SARRATEA
MTE.TRONADOR,M.TRONADOR
TRONADOR,M.TRONADOR
REV.MADRE ISABEL FERNANDE,MADRE ISABEL FERNANDEZ
MAESTRA BALDINI,MAESTRA BALBIN
MAETRA BALDINI,MAESTRA BALBIN
MANUELA PEDRAZA,MANUEL PEDRAZA
MZ.32 CASA,MANZ.32 CASA
MARCOS POLO,MARCO POLO
MARINERO ROJAS,MARINERO R.ROJAS
MARIQUITA S. DE THOMPSON,MARIQUITA S DE THOMPSON
MARIQUITA SANCHEZ DE THOMPSON,MARIQUITA S DE THOMPSON
MARIQUITA THOMPSON,MARIQUITA S DE THOMPSON
MARTIN DE ALZAGA,MARTIN ALZAGA
MARTIN MIGUENS,MARTIN MIGUE
MARTIN MIGUENZ,MARTIN MIGUE
MARTIN MIGUEZ,MARTIN MIGUE
MARTIN PESCHELL,MARTIN PESCHEL
MBK.,MB.
MELIANT,MELIAN
MELLIAN,MELIAN
MONTEVIDEO,MNTEVIDEO
MONB,MOB
MON.,MON
MONO,MON
MONOBLOK,MONOBBOK
MONTE PISSIS,MONTE PISCIS
MONTE PRISCIE,MONTE PISCIS
MTE TRONADOR,MONTE TRONADOR
PJE.MONTE TRONADOR,MONTE TRONADOR
MTRO.COCCHIARARO,MTRO. COCCHIARARO
N S DE LA MERC,N S D L MERCED
N S DE LA MERCED,N S D L MERCED
N SRA DE LA MERCED,N S D L MERCED
N S DEL CARMEN N,N S DEL CARMEN
N SRA DEL CARMEN,N S DEL CARMEN
N.S.DEL CARMEN,N S DEL CARMEN
N.SRA.DE LA MERCED,N.S.DE LA MERCED
NTRA.S. DE LA MERCED,N.S.DE LA MERCED
NTRA.SRA.DE LA MERCED,N.S.DE LA MERCED
NOLTING,NOLTHING
NTRA SRA DE LA MERCED,NSTRA SRA DE LA MERCED
NUESTRA SRA. DE LA MERCED,NSTRA SRA DE LA MERCED
NTRA SR DEL LORETO,NTRA S DE LORETO
NTRA SRA DE LORETO,NTRA S DE LORETO
NTRA. SRA. DE LORETO,NTRA S DE LORETO
NTRA SRA. DE ITATI,NTRA SRA ITATI
NTRA.SRA.DE LORETO,NTRA.SRA. LORETO
P.CARRANZA,P CARRANZA
P.DE MENDOZA,P DE MENDOZA
PIO DIAZ,P DIAZ
P.GIORELLO,P GIORELLO
P. LUNA,P LUNA
P.PASTORINO,P PASTORINO
PASTORINO,P PASTORINO
P POD-METZIG,P POD METZIG
P.POGGIO,P POGGIO
POGGIO,P POGGIO
P.SABATARRO,P SABATARRO
SABATARRO,P SABATARRO
PTO. ARGENTINO,P.ARGENTINO
PTO.ARGENTINO,P.ARGENTINO
R.ARGENTINO,P.ARGENTINO
PALACIOS,P.PALACIOS
PABLO GIORELLO,PABLO GIORELLI
PADRE CARRAZA,PADRE CARRANZA
PADRE CARRRANZA,PADRE CARRANZA
PADRE ELIZALDE,PADRE ELISALDE
PDRE ELIZALDE,PADRE ELISALDE
PAJAS BRAVAS,PAJA BRAVA
PARAGUAY N,PARAGUAY
PJE CURUPI,PASAJE CURUPI
PSJE PARIS,PASAJE PARIS
PASSO,PASO
PASO-EDIF,PASO EDIF
PASO Y MILITAR-TIRA,PASO MILITAR TIRA
PASO Y RICCHIERI T,PASO Y RICCHIERI - TIRA
PASO Y RICCHIERI TIRA,PASO Y RICCHIERI - TIRA
PASO Y RICCHIERI-TIRA,PASO Y RICCHIERI - TIRA
PASO Y RICCHIERI S/N,PASO Y RICCHIERI NUDO
PASO Y RICHIERI NUDO,PASO Y RICCHIERI NUDO
PASTOR LUNA,PASTA LUNA
PASTUR LUNA,PASTA LUNA
PAUSTEUR,PASTEUR
W PAUNERO,PAUNERO
W.PAUNERO,PAUNERO
PECOVICH,PECKOVICH
PETCKOVIC,PECKOVICH
PERDRIEL,PEDRIEL
PEDRO B.PALACIOS,PEDRO B PALACIOS
PEDRO PALACIOS,PEDRO B PALACIOS
PERU CS,PERU CASA
PESCHEL N,PESCHEL
PETKCOVIC,PETCOVIC
PETKOVIC,PETCOVIC
R PILCOMAYO,PILCOMAYO
R.PILCOMAYO,PILCOMAYO
PJE.,PJE
PJE CAPURRO,CAPURRO
PJE.CAPURRO,CAPURRO
PJE GALVAN,GALVAN
PJE. GALVAN,GALVAN
PJE HOLANDA,HOLANDA
PJE. HOLANDA,HOLANDA
PJE.HOLANDA,HOLANDA
PJE LAS MOREIRA,LAS MORERAS
PJE LAS MORERAS,LAS MORERAS
PJE.  LAS MORERAS,LAS MORERAS
PJE.LAS MORERAS,LAS MORERAS
PJE.  CERRO TUPUNGATO,CERRO TTUPUNGATO
PJE.3-CERRO TUPUNGATO,CERRO TTUPUNGATO
PJE. CERRO NEVADO,CERRO NEVADO
PJE. CERRO SOSNEADO,CERRO NEVADO
PJE. LOURDES,LOURDES
PJE.LOURDES,LOURDES
PRIMERO DEMAYO,PRIMERO DE MAYO
PRINGLES CNEL.-EDF,PRINGLES CNEL.
PTE.ILLIA,PTE ILLIA
PTE.KENNEDY,PTE KENNEDY
PTO ARGENTINO,PTO ARGENTINA
R.ATUEL,R ATUEL
RIO ATUEL,R ATUEL
R.BERMEJO,R BERMEJO
RIO BERMEJO,R BERMEJO
RIO CAPITANES,R CAPITANES
R.CUARTO,R CUARTO
RIO CUARTO,R CUARTO
R. FRIAS,R FRIAS
V GOMEZ,R GOMEZ
R MADRE I FERNANDEZ,R M I FERNANDEZ
R. NEGRO,R NEGRO
R.NEGRO,R NEGRO
RI NEGRO,R NEGRO
RIO NEGRO,R NEGRO
R.SALADO,R SALADO
RIO SALADO,R SALADO
RAFO,RAFFO
RCA.ARABE SIRIA,RCA ARABE SIRIA
REP ARABE SIRIA,RCA ARABE SIRIA
RECONQUISTA N,RECONQUISTA
RICHIERI TIRA,RICCHIERI TIRA
RICHIERI Y BARRAGAN,RICCHIERI Y BARRAGAN
RICCHIERI Y PASO TIRA,RICCHIERI Y PASO -TIRA
RICCHIERI Y SOCRATES TIRA,RICCHIERI Y SOCRATES T.33
RICHIERI/BARRAGAN MBK.17,RICCHIERI/BARRAGAN MB
RICHIERI Y BERGAMINI TIRA,RICHIERI Y BERGAMINI
RIOS ATUEL,RIO ATHUEL
RIO III N,RIO III
RIO III CS,RIO III CASA
RIO IV N,RIO IV
ROTARISM.ARGENTINO,ROTARIOS ARGENTINOS
ROTARISMO ARGENTINO,ROTARIOS ARGENTINOS
RUTA,RTA
SAN AGUSTIN,S AGUSTIN
S.BORDON,S BORDON
STO CABRAL,S CABRAL
S.DEL ESTERO,S DEL ESTERO
SGO DE ESTERO,S DEL ESTERO
SGO DEL ESTERO,S DEL ESTERO
STGO DEL ESTERO,S DEL ESTERO
SGO DIAZ,S DIAZ
STO DIAZ,S DIAZ
S.EZEQUIEL,S EZEQUIEL
SAN EZEQUIEL,S EZEQUIEL
S.GERONIMO,S GERONIMO
SAN GERONIMO,S GERONIMO
S.GUILLERMO,S GUILLERMO
SAN GUILLERMO,S GUILLERMO
SAN IGNACIO,S IGNACIO
S.JAVIER,S JAVIER
SAN JAVIER,S JAVIER
SAN JUAN,S JUAN
S.LORENZO,S LORENZO
SAN LORENZO,S LORENZO
SAN LUIS,S LUIS
S.ORTIZ,S ORTIZ
S.PALMA,S PALMA
STO PALMA,S PALMA
S.RAMON,S RAMON
SAN RAMON,S RAMON
STA RITA,S RITA
S.SALVADOR,S SALVADOR
SALVADOR,S SALVADOR
SAN SALVADOR,S SALVADOR
SGO. PARODI,S. PARODI
SGO.DIAZ,S.DIAZ
STO.DIAZ,S.DIAZ
STA.J.DE ARCO,S.J.DE ARCO
STA.M.DE ORO,S.M.DE ORO
SABATTINI,SABATIN
SABBATINI,SABATIN
SBATINI,SABATIN
SOCRATES,SACRATES
SAN JAVIER MZA,SAN JAVIER MZ
SAN JAVIER-MZ,SAN JAVIER MZ
SAN JOSE,PJE.SAN JOSE
V SAN JOSE,PJE.SAN JOSE
V.SAN JOSE,PJE.SAN JOSE
SAN LUIS Y FIRPO,SAN LUIS FIRPO
SAN MIGUEL GARICOITS,SAN MIGUEL DE GARICOITS
SANTA JUANA DE ARECO,SANTA JUANA DE ARCO
STA JUANA DE ARCO,SANTA JUANA DE ARCO
STA. JUANA DE ARECO,SANTA JUANA DE ARCO
STA.JUANA DE ARCO,SANTA JUANA DE ARCO
SANTA MARIA DE ORO JUSTO,SANTA MARIA DE ORO
STA.MARIA DE ORO,SANTA MARIA DE ORO
SANTA MARTA,SANTA MARINA
SANTA MARTINA,SANTA MARINA
SANTAMARINA,SANTA MARINA
STA. MARINA,SANTA MARINA
STA ROSALIA,SANTA ROSALIA
STA TERESITA,SANTA TERESITA
STA TERESITAS,SANTA TERESITA
SARMIENTO N,SARMIENTO
SDO. CABALLERO,SDDO CABALLERO
SDO.CABALLERO,SDDO CABALLERO
SOL CABALLERO,SDDO CABALLERO
SOLD CABALLERO,SDDO CABALLERO
SOLDADO CABALLERO,SDDO CABALLERO
SOLD.BORDON,SDO.BORDON
SGO.ZANELLA,SGA.ZANELLA
SGO.PARODI,SGO PARODI
SGTO PARODI,SGO PARODI
STGO.DEL ESTERO,SGO.DEL ESTERO
SGTO. DIAZ,SGTO DIAZ
SGTO.DIAZ,SGTO DIAZ
STO. DIAZ,SGTO DIAZ
SGTO.PALMA,SGTO PALMA
SOLDADO BORDON,SOLDAD.BORDON
SUDAMERICA,SUD AMERICA
SUDAMERICANA,SUD AMERICA
THOMPSON N,THOMPSON
THOMSON,THOMPSON
TTE ESPORA,TNE ESPORA
TTE. ESPORA,TNE ESPORA
TORQUINST,TORNQUIST
TORQUIST,TORNQUIST
TORRE C -NUDO,TORRE A NUDO
TORRE C NUDO,TORRE A NUDO
TRENQUE LAUQUEN,TRENQUE LAUNQUEN
TRENQUELAUNQUEN,TRENQUE LAUNQUEN
TRENQUELAUQUEN,TRENQUE LAUNQUEN
TTE RICHIERI,TTE RICCHIERI
ZUCUMAN,TUCUMAN
USPALLATA N,USPALLATA
V.DOMUYO,V DOMUYO
V.GOMEZ,V. GOMEZ
AVDA GRAL PAZ,VA. GRAL PAZ
VTE LOPEZ Y PLANES,VICENTE LOPEZ Y PLANES
VOLCAN SAN JOSE,VOLCAN S.JOSE
VTE.LOPEZ/PLANES,VTE.LOPEZ Y PLANES
WENCESLAO DEL TATA,WENCESLAO DE TATA
WENSESLAO DEL TATA,WENCESLAO DE TATA
WNSESLAO DE TATA,WENCESLAO DE TATA
WOLF HIRTH,WOLF HIRT
ZAVATARRO,ZABATARRO
